"Cabrera Prieto, Carlos Eduardo","Facundo Farf√°n, Jean Carlos",2021,"Como es bien sabido, desde hace muchos a√±os, la deuda p√∫blica externa, est√° constituida por los cr√©ditos externos recibidos, donde estos pueden ser tanto p√∫blicos como privados. Siempre existe la participaci√≥n activa de organismos privados, particulares, incluso instituciones financieras internacionales en la negociaci√≥n de la deuda externa, una de las caracter√≠sticas m√°s importantes es que la deuda externa se paga en pa√≠ses extranjeros. Desde hace muchos a√±os; aproximadamente durante los a√±os 70¬¥s, tiempos en los que el comercio internacional se encontraba en pleno auge, diversos pa√≠ses tanto los de Am√©rica Latina como algunos otros, alrededor del mundo, no siendo Per√∫ la excepci√≥n, registraron significativos crecimientos en cada una de sus econom√≠as. Este crecimiento est√° influenciado principalmente por dos factores: en primer lugar, la exportaci√≥n de productos terminados aumenta a√∫n m√°s, lo que conduce a condiciones comerciales significativamente mejores, f√°cil entrada al mercado debido a la disponibilidad y la rentabilidad, capacidad relativamente baja. Estos factores, adem√°s del acceso al cr√©dito externo, han propiciado un aumento significativo de cada inversi√≥n durante la fase de planificaci√≥n del desarrollo del modelo y del papel del Estado como empresario, inversionista y gestor empresarial. En general, a√∫n se mantienen las pol√≠ticas de apoyo al desarrollo. Sin embargo, muchas inversiones se realizan sin una evaluaci√≥n cuidadosa de las necesidades y el potencial de todos y cada uno de los pa√≠ses y, por lo tanto, no contribuyen de manera proporcional al crecimiento econ√≥mico. Cuando todos estos eventos se dieron, trajeron una serie de cambios negativos para los pa√≠ses en desarrollo: por un lado, sus condiciones comerciales se deterioraron significativamente debido a los mayores precios del petr√≥leo, por otro lado, incurren en mayores costos de deuda externa debido a los altos precios del petr√≥leo. tipos de inter√©s a corto plazo. Se conoce, que la deuda p√∫blica externa a nivel mundial ha ido variando mucho en el transcurrir del tiempo, siendo Estados Unidos uno de los principales pa√≠ses con una deuda p√∫blica bastante alta, es incluso con una deuda mucho mayor que su PBI, considerando que en el 2016 tuvo un incremento de un 0.8%. Un documento del Fondo Monetario Internacional, redactado en el 2015 y publicado a trav√©s del Foro Econ√≥mico Mundial (WEF), describe que Jap√≥n es una de las naciones m√°s endeudadas del mundo y que ha estado luchando contra el estancamiento por m√°s de 20 a√±os. En Am√©rica Latina y el Caribe, CEPAL que pertenece a las Naciones Unidas, en ese mismo a√±o afirm√≥ que Argentina era el pa√≠s con una mayor deuda p√∫blica externa. Porter, en el a√±o 2010, defini√≥ al Per√∫ como un mercado emergente con la capacidad suficiente de poder seguir creciendo con nuestra propia producci√≥n industrial y ventas al exterior que requieren la inversi√≥n de sus residentes, ya que tantos pa√≠ses, incluido el nuestro, para financiar todas esas inversiones ya mencionadas, requieren de capital que no disponen en cantidades suficientes. De esta manera, los pa√≠ses de econom√≠a baja buscan la ayuda en el mercado internacional, en donde los flujos de ahorro del mercado internacional se encuentran representados por dos formas: la Inversi√≥n Extranjera Directa (IED) y el endeudamiento (pr√©stamos, bonos) en la cual, la mayor√≠a de los pa√≠ses optan por endeudarse. Esta deuda, formada por pr√©stamos o bonos tienen una obligaci√≥n (inter√©s) que debe ser asumida con responsabilidad por el Estado Peruano; ya que, por el momento, el Estado Peruano, no sabe c√≥mo poder sacar provecho de esta deuda con el mercado internacional, y que si hubiese un mal financiamiento de estos fondos, sabemos que existe un compromiso (contrato) que no puede ser ignorado o desconocido y se deber√° cumplir en el plazo estipulado de tiempo. El presente proyecto de tesis tiene como objetivo principal el dar a conocer la deuda p√∫blica externa peruana de los √∫ltimos 20 a√±os y as√≠ poder generar pron√≥sticos con la aplicaci√≥n de modelos de series de tiempo para los trimestres 3 y 4 del a√±o en curso, as√≠ como para el a√±o 2022, tomando como base datos reales.",Universidad Nacional de Piura,Pron√≥sticos trimestrales de la deuda p√∫blica externa peruana aplicando modelos de series de tiempo para el a√±o 2022,Licenciado en Estad√≠stica
Abanto Cerna Lemin,"Arechaga Pacheco, Daniela Antonieta","Bayona Guti√©rrez, Gina del Pilar",2022,"El objetivo del presente estudio es pronosticar la producci√≥n de arroz en c√°scara en el Per√∫ en base a la producci√≥n de los meses de enero del 2010 hasta septiembre 2021 registrada en la p√°gina web del Banco Central de Reserva del Per√∫ y con este resultado realizar pron√≥sticos para los a√±os 2022-2023. El tratamiento y an√°lisis de los datos se realiz√≥ con el software estad√≠stico de licencia libre RStudio, el cual es un entorno de desarrollo integrado (IDE) para el lenguaje de programaci√≥n R. La serie de la producci√≥n mensual de arroz en c√°scara present√≥ estacionariedad y tendencia creciente leve. Adem√°s, se detect√≥ la presencia de variaci√≥n c√≠clica dentro de la serie, con una duraci√≥n mayor de un a√±o. Despu√©s de analizar las funciones de autocorrelaci√≥n simple y parcial de la serie diferenciada, se obtuvo el modelo SARIMA (0,0,2)(0,1,2), el cual contiene coeficientes estad√≠sticos significativos con un R cuadrado 0.8952 y un error cuadr√°tico medio de 56.7955. Finalmente concluimos que el modelo SARIMA ofrece un modelamiento de la producci√≥n de arroz en c√°scara en el Per√∫, y es el que se utiliz√≥ para realizar los pron√≥sticos para el periodo 2022-2023.",Universidad Nacional de Piura,"Pron√≥stico de la producci√≥n de arroz en c√°scara en el Per√∫ mediante modelos SARIMA, a√±o 2022-2023",Licenciado en Estad√≠stica
"Armas Ju√°rez, Ricardo Antonio","Carrera Seminario, Mar√≠a Alejandra","Panta Mart√≠nez, Cirladangela Mercedes",2022,"El objetivo de la presente investigaci√≥n es determinar el comportamiento de las ventas en Formaci√≥n Continua en los Institutos Idat y Zegel Ipae en los periodos 2016 -2022-05 a nivel nacional, el cual ser√° medido por el n√∫mero de secciones y los ingresos obtenidos en relaci√≥n a la cantidad de estudiantes matriculados netos, considerando la gran importancia que tiene estos institutos por lo cual ser√° de gran utilidad para las empresas y para la educaci√≥n de modalidad en formaci√≥n continua. La investigaci√≥n que se ha desarrollado es de nivel descriptivo porque se narra e identifica las situaciones del comportamiento de ventas y tambi√©n es de enfoque cuantitativo; se realiz√≥ en base a una muestra censal contabilizando todos los ingresos de matriculados netos en las secciones vendidas durante los periodos 2016 al 2022-05. Se utiliz√≥ como instrumento la observaci√≥n para evaluar e interpretar los resultados, donde se evidencia el n√∫mero de secciones e ingresos de ventas por los cursos y diplomados que brindan ambos institutos a nivel nacional. Finalmente se concluye que ambos institutos a pesar de los altibajos que se presentaron a nivel mundial, obtuvieron buenos resultados en ciertos periodos que cubren los d√©ficits en sus proyecciones en cuanto a venta y n√∫mero de matriculados.",Universidad Nacional de Piura,"Comportamiento de las ventas en formaci√≥n continua en los institutos Idat y Zegel Ipae a nivel nacional, periodo 2016- 2022-05",Licenciado en Estad√≠stica
"Abanto Cerna, Lemin","Lamadrid Moreno, Leydi Alessandra","Taboada Zapata, Willian Daniel Eligio",2022,"Esta presente investigaci√≥n tuvo la finalidad de pronosticar los Impuestos de Administraci√≥n Tributaria de la Municipalidad Provincial de Morrop√≥n ‚Äì Chulucanas para el periodo 2022-2023, utilizando una data hist√≥rica mensual desde enero del 2012 hasta diciembre del 2021, teniendo una cantidad de 120 observaciones expresadas en miles de soles, usando la aplicaci√≥n de Redes Neuronales (RNA). Los datos de los impuestos de la Municipalidad Provincial de Morrop√≥n fueron obtenidos de la oficina de Rentas, el procesamiento de los datos se realiz√≥ en el software estad√≠stico R Studio versi√≥n R 4.1.3 de licencia libre. La serie de tiempo de los Impuestos de Administraci√≥n Tributaria mensuales tuvo un comportamiento ascendente en los meses de diciembre respectivamente de cada a√±o, present√≥ estacionariedad confirm√°ndola a trav√©s de la prueba de Dickey-Fuller. Se realiz√≥ un pre procesamiento de los valores observados mediante el escalonamiento de datos, convirti√©ndolos en valores entre 0 y 1 para obtener una mayor precisi√≥n a la hora del ajuste del pron√≥stico. Se obtuvo el modelo NNAR(8,1,5)[12] mediante redes neuronales con par√°metros de 8 neuronas de entrada, una capa oculta con 5 nodos y una neurona de salida; alcanzando un R2 de 0.9651 y un Error cuadr√°tico medio (RMSE) de 18.0415, resultando as√≠ un buen ajuste del pron√≥stico de los Impuestos de Administraci√≥n Tributaria de la Municipalidad Provincial de Morrop√≥n ‚Äì Chulucanas.",Universidad Nacional de Piura,"Uso de redes neuronales para pronosticar los impuestos tributarios mensuales de la Municipalidad Provincial de Morrop√≥n, a√±o 2022-2023",Licenciado en Estad√≠stica
"Alva Alva, Walter Gast√≥n","Silva Noriega, Milady Lakira",2021,"En la presente investigaci√≥n se propone realizar el an√°lisis de los datos de SUSALUD mediante un modelo de regresi√≥n log√≠stica ordinal con dos opciones de SPSS 24, el m√≥dulo de modelos lineales generalizados y m√©todos de regresi√≥n no lineal, la construcci√≥n se hace con fines de explicaci√≥n para cuantificar la influencia de cada factor o variable estad√≠sticamente significativa sobre las categor√≠as de la variable respuesta satisfacci√≥n del paciente en la atenci√≥n recibida por consulta externa. La muestra est√° compuesta por m√°s de 13 mil observaciones que se encuentran en la data de INEI, esta es una encuesta que se realiza con el fin de conocer el estado actual de los servicios de salud que ofrece el estado peruano y conocer la percepci√≥n del paciente. La investigaci√≥n es de tipo descriptiva, correlacional y explicativa, de dise√±o no experimental y de enfoque aplicado - cuantitativo. Se utiliza una t√©cnica estad√≠stica de regresi√≥n y se somete a contraste sus principales supuestos con inferencia estad√≠stica. En el resultado de bondad de ajuste del modelo se ha obtenido un valor chi cuadrado por el m√©todo de m√°xima verosimilitud, que es igual a 767.560, con una significancia asint√≥tica (P-value=0.00), por lo tanto, la prueba es estad√≠sticamente significativa a un nivel del 5%, es decir, se comprueba que se puede utilizar covariables en el modelo propuesto. Por lo tanto, el modelo con las variables explicativas seleccionadas e incluidas mejoran el ajuste de los datos de forma significativa respecto al modelo con s√≥lo la constante. Debido a que, con la prueba m√°s importante del modelo, sobre los efectos proporcionales de las pendientes de la ecuaci√≥n, se determina que los efectos son iguales o producen el mismo cambio en las categor√≠as de la variable respuesta para cada variable de ubicaci√≥n (independientes), entonces, el modelo ser√≠a una t√©cnica de regresi√≥n adecuada para el an√°lisis de la variable de inter√©s. Si consideramos el nivel de significancia al 5%, se puede considerar la inclusi√≥n de hasta 5 variables explicativas en la propuesta del modelo de regresi√≥n ordinal, se puede considerar las siguientes variables, las cuales son: cantidad de dinero gastado en la consulta (C1P23), tiempo trascurrido en la consulta (C1P14), reservaci√≥n de una cita para la consulta (C1P5), tipo de instituci√≥n prestadora de servicio y √≠ndice de quintil de riqueza (Nivel Socioecon√≥mico). Los valores de los coeficientes para las variables que resultaron ser significativas e influyen de forma positiva o negativa sobre las categor√≠as de la satisfacci√≥n de los pacientes fueron, tiempo transcurrido en la consulta con el especialista m√©dico (min) 0.026 {I.C. 95% [0.019 ‚Äì 0.034]}, cantidad de dinero gastado en la consulta (soles) -0.010 {I.C. 95% [-0.012 ‚Äì -0.007]}, tener reservaci√≥n de una cita m√©dica (S√≠/No) 0.098 {I.C. 95% [0.014 ‚Äì 0.182]}. Para la diferencia entre los establecimientos de salud y su relaci√≥n en la percepci√≥n de satisfacci√≥n, siempre existe menor probabilidad de estar mayor satisfecho en cualquier otra entidad de salud respecto a la categor√≠a de cl√≠nicas privadas, se tiene: al Minsa (-0.657) I.C. 95% [-0.890 ‚Äì -0.424], EsSalud (-1.057) I.C. 95% [-1.290 ‚Äì -0.825], Fuerzas Armadas y Policiales (-0.433) I.C. 95% [-0.713 ‚Äì -0.154] y en el caso de los indicadores socioecon√≥micos por quintiles de riqueza, se observa menor probabilidad de obtener mayor satisfacci√≥n en niveles inferiores respecto al nivel m√°s alto de riqueza, los resultados fueron: IndRiq_1 (-0.189) I.C. 95% [-0.324 ‚Äì -0.055], IndRiq_2 (-0.166) I.C. 95% [-0.288 ‚Äì -0.044], IndRiq_3 (-0.131) I.C. 95% [-0.246 ‚Äì -0.016], IndRiq_4 (-0.234) I.C. 95% [-0.344 ‚Äì -0.123].",Universidad Nacional de Piura,"Aplicaci√≥n del modelo de regresi√≥n ordinal para determinar los factores que influyen en el nivel de satisfacci√≥n de los pacientes asegurados sobre la atenci√≥n recibida por consulta externa en las instituciones de salud del Per√∫, INEI-SUSALUD - 2015",Licenciado en Estad√≠stica
"Minchola Alza, Ronald Eduardo","Arias Jaime, Jhoan Manuel",2021,"La presente investigaci√≥n titulada: ‚ÄúAplicaci√≥n del modelo lineal semi-logaritmico para determinar las variables que se relacionan con el ingreso mensual de la poblaci√≥n peruana, a√±o 2016‚Äù; fue planteada como una investigaci√≥n de enfoque cuantitativo; los resultados se midieron en t√©rminos num√©ricos. Se trata de un estudio anal√≠tico de observaciones donde se establece variable de respuesta y variables explicativas. El dise√±o que se utiliz√≥ para esta investigaci√≥n es no experimental, transversal, retrospectivo, el estudio es de tipo correlacional y explicativo, teniendo como objetivo, determinar las variables que se influyen significativamente sobre el ingreso mensual de la poblaci√≥n de Per√∫, con la utilizaci√≥n de un modelo de regresi√≥n lineal m√∫ltiple, donde se realiza una transformaci√≥n logar√≠tmica en la variable de respuesta. La poblaci√≥n est√° conformada por aproximadamente 50000 observaciones que pertenecen a personas jefes de hogares que participan de la encuesta EPE ‚ÄìINEI, se realiz√≥ la selecci√≥n de una muestra no probabil√≠stica de aproximadamente el 10% de la base de datos de la encuesta, se seleccionaron cerca de 6000 observaciones que cumplen con los criterios de inclusi√≥n. Para evaluar las variables explicativas se realiza un an√°lisis descriptivo; luego se utiliz√≥ an√°lisis multivariante a trav√©s del uso del modelo de regresi√≥n lineal m√∫ltiple con trasformaci√≥n logar√≠tmica para conocer las variables que se relacionan con el ingreso mensual, se obtuvo las pruebas de cumplimiento de supuestos del modelo y se determin√≥ los coeficientes de las variables significativas para su interpretaci√≥n incluido su intervalo de confianza del 95%. Los datos obtenidos fueron sistematizados usando el paquete Estad√≠stico IBM SPSS v20.0. El modelo confirma a la variable a√±os de educaci√≥n que tiene un impacto positivo y significativo en el ingreso mensual, la tasa de rentabilidad de la educaci√≥n es del 15.6%, lo que implica que los ingresos crecen al tener un n√∫mero mayor de a√±os de educaci√≥n. El n√∫mero de horas trabajadas otorga un impacto de 2.1% sobre la variable dependiente. En la cantidad de personas que laboran con el trabajador se observa un valor porcentual positivo de 13.5%, en este caso, si la cantidad de trabajadores es mayor parece existir un mejor ingreso. Respecto a la clasificaci√≥n por g√©nero, en las mujeres se nota una diferencia porcentual menor de 24.67% en sus ingresos en comparaci√≥n con los varones, la variable edad y experiencia laboral al cuadrado, como variables de penalizaci√≥n resultan tener un impacto negativo m√≠nimo con respecto a la variable de inter√©s.",Universidad Nacional de Piura,"Modelo de regresi√≥n lineal semi-logar√≠tmico para determinar las variables que se relacionan con el ingreso mensual de la poblaci√≥n peruana, seg√∫n informaci√≥n del INEI, a√±o 2016",Licenciado en Estad√≠stica
"Correa Becerra, Ram√≥n Cosme","Salazar Pampas, Jean Carlos",2019,"La presente investigaci√≥n titulada ‚ÄúLas redes sociales y su relaci√≥n con el rendimiento acad√©mico de los estudiantes de Quinto a√±o del Nivel secundario de la Instituci√≥n Educativa Micaela Bastidas-2019‚Äù, tiene por objetivo identificar si existe relaci√≥n entre las redes sociales y el rendimiento acad√©mico. Se utiliz√≥ el enfoque cuantitativo, con un dise√±o no experimental descriptivo- correlacional y utiliz√≥ como instrumento de recolecci√≥n de datos un cuestionario, que permiti√≥ reunir informaci√≥n acerca de los estudiantes. La poblaci√≥n est√° conformada por los estudiantes del Nivel secundario del Quinto a√±o; la muestra est√° basada en la Secci√≥n ‚ÄúB‚Äù de la Instituci√≥n Educativa Micaela Bastidas, 2019. De acuerdo a los resultados; el 56.7% de los estudiantes presentaron un nivel de rendimiento acad√©mico Logro B√°sico. El uso (diario) de la red social m√°s frecuente que visitan los estudiantes no se relaciona de manera significativa (Pvalue=0.558>0.05) con el rendimiento acad√©mico; es decir, que no existe relaci√≥n entre dichas variables. Por lo que se puede concluir que; la variable uso (diario) de la red social m√°s frecuente que visitan los estudiantes, no tiene efecto sobre los posibles niveles de rendimiento acad√©mico que pueda llegar a obtener. Las horas (diarias) que acceden los estudiantes a las redes sociales se relaciona de manera significativa (Pvalue=0.025<0.05) con el rendimiento acad√©mico; es decir, que existe relaci√≥n entre dichas variables. Por lo que se puede concluir que; la variable horas (diarias) que acceden los estudiantes a las redes sociales, tiene efecto sobre los posibles niveles de rendimiento acad√©mico que pueda llegar a obtener. El tipo de uso que le dan a las redes sociales los estudiantes se relaciona de manera significativa (Pvalue=0.946>0.05) con el rendimiento acad√©mico, es decir, que no existe relaci√≥n entre dichas variables. Por lo que se puede concluir que; la variable tipo de uso que le dan a las redes sociales los estudiantes, no tiene efecto sobre los posibles niveles de rendimiento acad√©mico que pueda llegar a obtener.",Universidad Nacional de Piura,Las redes sociales y su relaci√≥n con el rendimiento acad√©mico de los estudiantes de quinto a√±o del nivel secundario de la Instituci√≥n educativa Micaela Bastidas- 2019,Licenciado en Estad√≠stica
"Correa Becerra, Ram√≥n Cosme","Panta Ipanaqu√©, Juan Camilo",2021,"En la actualidad los clasificadores predictivos est√°n siendo muy utilizados, por lo cual existen varios m√©todos que nos ofrecen resultados buenos para solucionar esta tarea, sin embargo, es probable encontrarse con conjuntos de datos desbalanceados, (que una categor√≠a de la variable a predecir, este sobrerrepresentada que la otra), que har√°n que la calidad de nuestras medidas de desempe√±o se vea afectadas o sesgadas. Por lo que, se hizo uso de las t√©cnicas de balanceo de datos para solucionar este problema. En este contexto la presente investigaci√≥n tiene como prop√≥sito comparar el modelo de Regresi√≥n log√≠stica aplicados con t√©cnicas de balanceo de datos y sin ella, para conocer quien brinda una mejor clasificaci√≥n. El presente estudio es de tipo aplicada y transversal y se us√≥ los datos de los postulantes a la Facultad de Ciencias de la UNP, para predecir la obtenci√≥n de una vacante de ingreso. Este conjunto de datos se dividi√≥ en el 75% para entrenar y el 25% para la prueba de los modelos. Para equilibrar el conjunto de datos, se hizo uso de las t√©cnicas de muestreo para el balanceo de datos, solo en los datos de entrenamiento. Con estos datos se entren√≥ el algoritmo de clasificaci√≥n de Regresi√≥n Log√≠stica. Se utiliz√≥ la t√©cnica de la validaci√≥n cruzada de k=5 folios, para obtener resultados eficientes. En esta el conjunto de datos se divide en cinco partes iguales, utilizamos el primer folio para prueba y los cuatro restantes para entrenamiento, as√≠ se repite el procedimiento cuatro veces m√°s utilizando el siguiente folio como conjunto de prueba. Se usaron 3 modelos de Regresi√≥n Log√≠stica, el primero haciendo caso omiso al problema de los datos desbalanceados, el segundo balanceando mediante sobremuestreo y el ultimo mediante la t√©cnica de sobremuestreo de minor√≠a sint√©tica, Smote. Los resultados nos mostraron que el modelo trabajado con el conjunto de datos equilibrado con la t√©cnica smote, proporciona mejores resultados que los otros modelos, con respecto a las m√©tricas de clasificaci√≥n utilizadas, para clasificar el ingreso de los postulantes a la Facultad de Ciencias de la UNP.",Universidad Nacional de Piura,Modelo de regresi√≥n log√≠stica aplicado con t√©cnicas de balanceo de datos para clasificar el ingreso de los postulantes a la Facultad de Ciencias de la Universidad Nacional de Piura,Licenciado en Estad√≠stica
"Alva Alva, Walter Gast√≥n","Quiroga Gir√≥n, Rosanna Stephanie","V√≠lchez Sosa, Jeanifer Katherine",2019,"La investigaci√≥n ha tenido por finalidad realizar un an√°lisis descriptivo de las denuncias registradas por infracci√≥n a la ley N¬∞30364 ‚ÄúLey para prevenir, sancionar y erradicar la violencia contra las mujeres y los integrantes del grupo familiar‚Äù en el departamento de Piura desde enero del 2016 a octubre del 2019. En la cual se ha abordado los diferentes tipos de violencia que sufren las mujeres y los integrantes del grupo familiar, mediante la recolecci√≥n de datos de las denuncias registradas en el Departamento de Piura, clasificados como violencia familiar. La investigaci√≥n es de tipo descriptiva, la poblaci√≥n en estudio estuvo conformada por 281 177 denuncias de violencia registrados en las Comisarias ‚Äù de las 8 provincias del Departamento de Piura desde enero del 2016 a octubre del 2019, se utiliz√≥ un muestreo no probabil√≠stico por conveniencia seleccionando 43 457 denuncias registradas por infracci√≥n a la ley N¬∞30364 ‚ÄúLey para prevenir, sancionar y erradicar la violencia contra las mujeres y los integrantes del grupo familiar, el estudio tuvo un enfoque cualitativo, que emple√≥ un dise√±o no experimental de corte transversal, bas√°ndose en la t√©cnica de recolecci√≥n de datos. El an√°lisis de los resultados de la investigaci√≥n muestra que, de las 43 457 denuncias registradas desde enero del 2016 a octubre del 2019, El 45% de las victimas denunciaron haber sufrido violencia Psicol√≥gica, siendo este el tipo de violencia m√°s frecuente. Hasta el mes de octubre del 2019 se registr√≥ que el 49,1% de las denuncias fueron tambi√©n del tipo de Violencia Psicol√≥gica, not√°ndose as√≠ un incremento desde enero del 2016 a octubre del 2019. La violencia se origin√≥ por problemas de alcoholismo, motivo que predomina en el 30% de los casos denunciados. Asimismo, el 22% de los casos ocurre por problemas conyugales y el 17% por problemas familiares. Las denuncias por violencia contra la mujer y los integrantes del grupo familiar en el Departamento de Piura est√°n lideradas por la Provincia de Piura, con un total de 24 530 denuncias registradas, seguida de la Provincia de Sullana con 8 367 casos y la Provincia de Talara con 4200 casos denunciados.",Universidad Nacional de Piura,"An√°lisis de las denuncias registradas por infracci√≥n a la ley N¬∞ 30364 ‚ÄúLey para prevenir, sancionar y erradicar la violencia contra las mujeres y los integrantes del grupo familiar‚Äù en el departamento de Piura desde enero del 2016 a octubre del 2019",Licenciado en Estad√≠stica
"Sull√≥n Le√≥n, Alfredo","Dedios Morales, Darlyn Marilyn Lucero","Hern√°ndez Ca√±ola, Patricia Micheline",2019,"El presente trabajo de investigaci√≥n tuvo como objetivo general pronosticar el n√∫mero de accidentes de tr√°nsito, en la regi√≥n Piura 1991-2019, mediante suavizaci√≥n exponencial doble. Para complementar la investigaci√≥n como objetivos espec√≠ficos se plante√≥ analizar la serie de tiempo y pronosticar el n√∫mero de personas heridas y fallecidas en accidentes de tr√°nsito para el a√±o 2019. El estudio tuvo un Enfoque Cuantitativo, dise√±o No experimental de corte Longitudinal, de Tipo Explicativo causal. La poblaci√≥n comprendi√≥ todos los accidentes de tr√°nsito registrados en la Regi√≥n Piura. La muestra estuvo compuesta por todos los accidentes de tr√°nsito anuales ocurridos en la Regi√≥n Piura desde el a√±o 1991-2018 de acuerdo a la informaci√≥n recaudada de los Anuarios Estad√≠sticos de la Polic√≠a Nacional del Per√∫, los cuales nos permitieron evaluar la serie hist√≥rica y poder predecir para el a√±o 2019. Para el an√°lisis Estad√≠stico se procedi√≥ a trabajar con las datas en el programa Excel y SPSS 24. Se llev√≥ a cabo el an√°lisis y la elaboraci√≥n de las series hist√≥ricas; elaborando graficas de series de tiempo y analizando su tendencia. Utilizando metodolog√≠a de suavizamiento exponencial doble para pronosticar el n√∫mero de accidentes para el a√±o 2019. Se encontr√≥ que la serie en estudio present√≥ un comportamiento no estacional y con tendencia creciente a largo plazo. Al aplicar el m√©todo de suavizamiento exponencial doble se encontr√≥ una explicaci√≥n del modelo sobre los accidentes del 82.8%, con una media absoluta del error de 310,601 y un porcentaje medio absoluto del error 32,8%. El contraste Box ‚ÄìLjung prob√≥ la no autocorrelaci√≥n de residuales. Las gr√°ficas de los residuos tanto FAS como FAP muestra que las barras no se salen de los l√≠mites, por lo tanto, los residuales modelos si cumplen el criterio de ruido blanco gaussiano, de aleatoriedad y el modelo es adecuado.","Pron√≥stico del n√∫mero de accidentes de tr√°nsito mediante suavizaci√≥n exponencial doble, regi√≥n Piura 1991- 2019",Licenciado en Estad√≠stica
"Abanto Cerna, Lemin","Abad Panta, Cristina Elizabeth",2020,"Esta investigaci√≥n se realiz√≥ con el objetivo de pronosticar el n√∫mero de atenciones para los a√±os 2020 y 2021 en el servicio de Hospitalizaci√≥n del hospital de la amistad Per√∫-Corea Santa Rosa II-2, mediante la aplicaci√≥n de los modelos ARIMA, para lo cual se cont√≥ con los registros mensuales desde el a√±o 2009 hasta el 2019, haciendo una muestra total de 132 datos. La informaci√≥n fue obtenida de la base de datos del Hospital de la amistad Per√∫-Corea Santa Rosa II-2, la que fue analizada mediante el programa estad√≠stico R Studio, el cual es un entorno de desarrollo del lenguaje de programaci√≥n R y es de licencia libre. En el desarrollo de esta investigaci√≥n, se encontr√≥ que la serie de tiempo del n√∫mero de pacientes atendidos mensualmente en el servicio de hospitalizaci√≥n, presenta una tendencia significativa y sin comportamiento estacional; adem√°s, la distribuci√≥n de los datos de la serie es normal y con varianza constante. Por otro lado, tambi√©n se detect√≥ la presencia de cuatro valores an√≥malos (outliers). En el proceso de modelaci√≥n se evalu√≥ tres modelos, de los cuales, el primer modelo se trabaj√≥ directamente con la serie original, y posteriormente se fueron agregando transformaciones a los datos de la variable, hasta que finalmente se obtuvo el modelo ARIMA (0, 1,1) con tres variables Dummy. Este modelo final, presenta un R cuadrado de 0.6415 y cuyos coeficientes son significativos al nivel del 5%, adem√°s tiene un RMSE de 79.36343 y un √≠ndice de AKAIKE de 1528.81, lo cuales son menores comparados al valor del RMSE y AIC de los modelos ARIMA (2, 0,0) y ARIMA (0, 1,1) que se estimaron en el proceso. Finalmente, en la validaci√≥n del modelo, se concluye que los residuales del modelo ARIMA (0, 1,1) con variables Dummy, cumplen con los supuestos de normalidad, independencia y estacionariedad, por lo que se asume que es apto para realizar los pron√≥sticos del n√∫mero de pacientes atendidos en el servicio de hospitalizaci√≥n del Hospital de la amistad Per√∫-Corea Santa Rosa II-2.",Universidad Nacional de Piura,Modelaci√≥n y pron√≥stico de las atenciones en el servicio de hospitalizaci√≥n en el Hospital de la Amistad Per√∫ ‚Äì Corea II-2 Santa Rosa aplicando modelos ARIMA. Piura.Per√∫ 2020 ‚Äì 2021,Licenciado en Estad√≠stica
"Abanto Cerna, Lemin","Ramos Inga, Andy Paul",2020,"La presente investigaci√≥n se realiz√≥ con la finalidad de evaluar la capacidad predictiva del modelo SARIMA y el modelo de redes neuronales artificiales (RNA) en base a los ingresos tributarios mensuales del gobierno central registrados desde enero del 2003 hasta diciembre del 2018 y con este resultado realizar pron√≥sticos para los a√±os 2019-2020. Los datos de los ingresos tributarios mensuales del gobierno central peruano fueron obtenidos de la p√°gina web del Banco Central de Reserva del Per√∫. El tratamiento y an√°lisis de los datos se realiz√≥ con el software estad√≠stico de licencia libre R-Studio, el cual es un entorno de desarrollo integrado (IDE) para el lenguaje de programaci√≥n R. La serie de ingresos tributarios mensuales present√≥ estacionalidad y tendencia creciente y lineal, la cual, se convirti√≥ en una serie estacionaria a trav√©s de una diferencia simple y una diferencia estacional. Adem√°s, se detect√≥ la presencia de variaci√≥n c√≠clica dentro de la serie, con una duraci√≥n mayor de un a√±o. Despu√©s de analizar las funciones de autocorrelaci√≥n simple y parcial de la serie diferenciada, se obtuvo el modelo SARIMA (2,1,0)(1,1,1), el cual contiene coeficientes estad√≠sticos significativos con un R cuadrado 0.9578 y un error cuadr√°tico medio de 445.852. El modelo entrenado a trav√©s de redes neuronales es un NNAR(2,1,5)[12], el cual es de tipo autorregresivo y alcanz√≥ un valor R cuadrado de 0.9514 y un error cuadr√°tico medio de 482.679. Se concluye finamente que el modelo SARIMA ofrece un mejor modelamiento de los ingresos tributarios del gobierno central peruano, y es el que se utiliz√≥ para realizar los pron√≥sticos para el periodo 2019-2020.",Universidad Nacional de Piura,"Pron√≥stico de los ingresos tributarios mensuales del gobierno central peruano aplicando redes neuronales y modelos Sarima, en base a los a√±os 2003 ‚Äì 2018",Licenciado en Estad√≠stica
"Cabrera Prieto, Carlos Eduardo","Ordinola Lama, Evelyn Esteffany","L√≥pez Lama, Hildur de los Milagros",2020,"El Per√∫ est√° en un constante desarrollo y crecimiento, debido al propio pa√≠s y a su vez a la relaci√≥n existente con los dem√°s pa√≠ses, esto consider√°ndose de gran importancia, ya que por medio de sus comunicaciones y comercializaciones aumenta la econom√≠a del Per√∫. Por comercializaci√≥n entendemos: importaciones y exportaciones, dado que es una de sus fuentes generadoras de ingresos, espec√≠ficamente lo denotamos, por medio de sus movimientos, es decir, recepci√≥n y despacho de naves desde y hasta puertos peruanos. En esta investigaci√≥n se empez√≥ con un an√°lisis descriptivo sobre la cantidad de naves recepcionadas en los puertos del Per√∫ en el periodo del 2011 al 2018. Se estim√≥ tres modelos, los cuales son: Autorregresivo Integrado de Promedios M√≥viles (ARIMA), Suavizamiento Exponencial (Holt Winters Aditivo) y Regresi√≥n con variables estacionales DUMMY. Una vez obtenido los Modelos ajustados, se procedi√≥ hallar los valores de los errores cuadr√°ticos medios de cada modelo, de esta manera se seleccion√≥ el menor valor, escogiendo as√≠ el √≥ptimo modelo ajustado de la serie de tiempo. Se obtuvo que el tercer modelo de Holt Winters Aditivo:ùëåùë°+1= (341.8272+0.30288 ùëá)ùë° +ùêπùë°+ùëá‚àíùëÉ , con los par√°metros ùõº=0.1102,ùõΩ=0.0481 y ùõæ=0.4021, es el modelo √≥ptimo, este siendo utilizado en nuestro pron√≥stico para la cantidad de naves recepcionadas en los puertos del Per√∫ dentro del periodo 2019 al 2021. Por lo expuesto, se concluy√≥ que la cantidad de naves no ha variado lo suficiente durante el periodo 2011 al 2018, manteni√©ndose en sus rangos. Asimismo, se pronostica leves aumentos para los a√±os 2019 hasta el 2021.",Universidad Nacional de Piura,"Modelo √≥ptimo de serie de tiempo para pronosticar la cantidad de naves recepcionadas en los puertos del Per√∫, 2011 ‚Äì 2018",Licenciado en Estad√≠stica
"Cabrera Prieto, Carlos Eduardo","Hijuela Cano, Elda Mari",2018,"En la presente investigaci√≥n titulada AN√ÅLISIS DE DESARROLLO URBANO: DIAGN√ìSTICO DE LOS EJES DE SUSTENTABILIDAD URBANA Y SU INCIDENCIA EN LA CALIDAD DE VIDA DE LOS HABITANTES DE LA URB. SANTA MARGARITA, PIURA ‚Äì 2017 se abord√≥ bajo la necesidad de estudiar aquellos ejes de sustentabilidad urbana que actualmente se han puesto en marcha en las urbanizaciones que son habitadas por sectores econ√≥micos medio-bajo, medio y medio-alto pero que al ser desarrollados por instituciones privadas que no recogen las expectativas del mercado terminan por vender un lote a una familia que presentaba necesidades diferentes incidiendo en la calidad de vida urbana de los mismos. A partir de lo anterior surge el planteamiento del problema que se redacta de la siguiente manera ‚Äï¬øEn qu√© medida se relacionan los ejes de sustentabilidad de desarrollo urbano y la calidad de vida urbana percibida por los habitantes de la Urb. Santa Margarita?, para poder responder a la misma se plantea en un enfoque cuantitativo y de tipo descriptivo-correlacional, por lo tanto se requiri√≥ tomar una muestra estratificada por etapas de 91 familias que residen en las 8 etapas. Finalmente se lleg√≥ a la conclusi√≥n de que existe correlaci√≥n entre las dimensiones de los ejes de sustentabilidad y la calidad de vida urbana de sus habitantes adem√°s se encontr√≥ que existen otras variables intervinientes como los ingresos y la educaci√≥n, as√≠ como la residencia anterior que generan un efecto negativo sobre la calidad de vida urbana por lo tanto se recomienda el mejoramiento de los ejes de sustentabilidad infraestructura, social y cultural, seguridad y ambiental mediante intervenci√≥n de la JUVECO y la Municipalidad Distrital de Veintis√©is de Octubre, as√≠ como la necesidad de una mayor protecci√≥n por parte de la fuerza policial y serenazgo.",Universidad Nacional de Piura,"An√°lisis de desarrollo urbano: diagn√≥stico de los ejes de sustentabilidad urbana y su incidencia en la calidad de vida de los habitantes de la urb. Santa Margarita, Piura ‚Äì 2017",Licenciado en Estad√≠stica
"Cabrera Prieto, Carlos Eduardo","G√≥mez Dom√≠nguez, Ingrid Katerine",2018,"El objetivo del trabajo fue determinar los factores de riesgo epidemiol√≥gicos y obst√©tricos asociados a la Morbimortalidad materna ‚Äì neonatal en gestantes con preeclampsia atendidas en el servicio de Gineco-Obstetricia; Hospital II-2 Santa Rosa Piura, periodo Enero 2016 ‚Äì Diciembre 2016. Para su desarrollo, se utiliz√≥ el tipo de estudio correlacional, de naturaleza cuantitativa y dise√±o no experimental, transversal. La muestra fue de tipo probabil√≠stica, conformada por 166 historias cl√≠nicas de las gestantes preecl√°mpticas que se atienden en el hospital Santa Rosa Piura en el periodo Enero 2016- Diciembre del 2016. Los resultados muestran que entre los factores epidemiol√≥gicos asociados a la preeclampsia est√° el estado civil, la cual se demostr√≥ que existe relaci√≥n entre el estado civil y la preeclampsia con un X2 = 0.032, otro factor es la procedencia en donde la zona rural se muestra m√°s influyente, se demostr√≥ que existe relaci√≥n entre la procedencia y la preeclampsia con un X2 =0,026, se obtuvo que las gestantes prim√≠paras muestran preeclampsia leve como severa, la cual se puede decir que la paridad se relaciona con la preeclampsia con un X2 = 0.018, asimismo otro factor que se relaciona es el n√∫mero de controles prenatales con un X2 = 0.002. En cuanto a la morbimortalidad materna asociados a la preeclampsia, se obtuvo que el s√≠ndrome de hellp se relaciona con la preeclampsia con un X2 = 0.002, as√≠ como el da√±o hep√°tico tambi√©n se relaciona con la preeclampsia con un X2 = 0.042 y de la morbimortalidad neonatal asociados a la preeclampsia, se obtuvo que existe relaci√≥n entre el retardo del crecimiento intrauterino y la preeclampsia (un X2 = 0,027).",Universidad Nacional de Piura,"Factores de riesgo epidemiol√≥gicos y obst√©tricos asociados a la morbimortalidad materna ‚Äì neonatal en gestantes preecl√°mpticas atendidas en el servicio de gineco-obstetricia del Hospital II-2 Santa Rosa-Piura, periodo enero 2016 ‚Äì diciembre 2016",Licenciado en Estad√≠stica
"Correa Becerra, Ram√≥n Cosme","Bruno Ram√≠rez, Xenia Stefany",2019,"El objetivo del presente trabajo fue determinar qu√© modelo matem√°tico se ajusta mejor al crecimiento poblacional y como se ve proyectada la poblaci√≥n del Distrito Chulucanas, para el periodo 2017 ‚Äì 2025. Para su desarrollo, se utiliz√≥ el enfoque cuantitativo porque se consideran datos num√©ricos en las variables de uso; que permiten conocer la realidad de una mejor manera, fue transaccional No experimental; porque recolect√≥ datos en un solo momento, en un tiempo √∫nico teniendo como prop√≥sito de analizar su incidencia e interacci√≥n de la variable en estudio en un momento dado y tuvo un nivel descriptivo dado que se recolectaran datos que describan la situaci√≥n tal y como es. Los resultados muestran que el modelo matem√°tico que se ajusta mejor al crecimiento poblacional del Distrito Chulucanas, es el Modelo geom√©trico, dado que es el que m√°s se ajusta a los datos reales ,cuyo valor de r = = 0.00314 el cual nos indica que para el a√±o 2025 la poblaci√≥n pronosticada ser√° de 85197 habitantes, es decir la poblaci√≥n ser√° mayor que la poblaci√≥n de a√±os anteriores, y esto se ver√° reflejado siempre y cuando la tendencia de las caracter√≠sticas mantengan su ritmo; para el modelo lineal obtenemos un valor r= 0.00319 y para el modelo exponencial un r= 0.00313. En conclusi√≥n la poblaci√≥n del Distrito Chulucanas muestra un comportamiento relativamente creciente es decir para proyecciones futuras la poblaci√≥n aumentara.",Universidad Nacional de Piura,"An√°lisis del crecimiento y proyecci√≥n poblacional del distrito Chulucanas, 2017 - 2025",Licenciado en Estad√≠stica
"Correa Becerra, Ram√≥n Cosme","Puescas Yovera, Viviana Fiorella","Chapilliquen Rosillo, Vanessa",2019,"La investigaci√≥n se realiz√≥ con el objetivo de Determinar los factores asociados a la anemia en ni√±os de 6 a 36 meses de edad atendidos en el CENTRO M√âDICO LEONCIO AMAYA TUME - ESSALUD LA UNI√ìN primer semestre, 2019. Se desarroll√≥ desde una perspectiva metodol√≥gica cuantitativa, dise√±o no experimental transversal, de nivel explicativo y de tipo aplicada, la muestra estuvo conformado por 90 ni√±os de 6 a 36 meses de edad que fueron atendidos en el consultorio de control de crecimiento y desarrollo de ni√±o sano de la instituci√≥n antes mencionada. El instrumento fue la ficha de registro de datos utilizando la base de datos y las historias cl√≠nicas del centro m√©dico. En los resultados, se determin√≥ que los factores asociados a la Anemia fueron: Lactancia Materna Exclusiva (OR = 0.018), el Peso al Nacer (OR = 26,111), la Edad Gestacional (OR = 22,059) y el Estado Nutricional (OR = 56,895) a un nivel de significancia del 1%. Los ni√±os que nacen con bajo peso menor a 2,500 gr tienen 26,111 veces m√°s posibilidades de presentar anemia que un ni√±o que nace con un peso superior a 2,500 gr. Asimismo los ni√±os que nacen prematuros con una edad gestacional menor a 37 semanas tienen 22,059 m√°s posibilidad de presentar anemia que un ni√±o nacido con una edad gestacional mayor a 37 semanas, adem√°s la Lactancia materna Exclusiva es un factor protector (OR=0,018), es decir, un ni√±o que recibe lactancia exclusiva tiene 0.018 veces de posibilidad de presentar anemia que un ni√±o que recibe lactancia mixta. En conclusi√≥n, los factores asociados a la Anemia son el peso al nacer, edad gestacional, lactancia materna y estado nutricional.",Universidad Nacional de Piura,"Factores asociados a la anemia en ni√±os de 6 a 36 meses de edad atendidos en el Centro M√©dico Leoncio Amaya Tume ESSALUD - La Uni√≥n, primer semestre 2019",Licenciado en Estad√≠stica
"Cabrera Prieto, Carlos Eduardo","Zapata Laureano, Juan Gerardo",2019,"La b√∫squeda constante del conocimiento, conduce al descubrimiento de nuevas herramientas, que ayudan al ser humano a solucionar problemas reales. En este contexto, aparecen las redes neuronales inspiradas en los sistemas biol√≥gicos para resolver diversos problemas, sobre todo aquellos en donde la metodolog√≠a tradicional tiene ciertas dificultades, como son aquellos sistemas altamente no lineales. Uno de estos problemas en donde estas herramientas est√°n demostrando gran desempe√±o, es la estimaci√≥n de funciones, sobre todo para la realizaci√≥n de pron√≥sticos. La investigaci√≥n tuvo como objetivo principal construir una red neuronal, para determinar los pron√≥sticos mensuales de la inflaci√≥n para el a√±o 2018 utilizando la informaci√≥n de enero 2008 a diciembre 2017. La construcci√≥n y dise√±o del modelo o de la red neuronal se hizo con ayuda del programa matem√°tico, MATLAB y de los programas estad√≠sticos SPSS y EVIEWS; estos √∫ltimos se utilizaron para el pre procesamiento de los datos, que incluy√≥ el an√°lisis de la no estacionariedad de la serie y de su transformaci√≥n a serie estacionaria; requisito importante para incrementar la velocidad de convergencia del algoritmo de entrenamiento de la red.",Universidad Nacional de Piura,Aplicaci√≥n de las redes neuronales para determinar los pron√≥sticos mensuales de la inflaci√≥n para el a√±o 2018,Licenciado en Estad√≠stica
"Correa Becerra, Ram√≥n Cosme","Garc√≠a Timan√°, Angie del Milagro",2019,"La presente investigaci√≥n se realiz√≥ con el objetivo de determinar los factores asociados a la desnutrici√≥n en ni√±os menores de 5 a√±os en el Establecimiento de salud Nuevo Tallan-Piura. La investigaci√≥n asume un enfoque cuantitativo y de tipo Aplicada, con un nivel explicativo y de dise√±o no experimental y transversal. La poblaci√≥n de estudio fue de 487 ni√±os menores de 5 a√±os, obteni√©ndose una muestra de estudio de 160 ni√±os. Se utiliz√≥ como como t√©cnica la revisi√≥n documental (historias cl√≠nicas) y como instrumento una ficha de recolecci√≥n de datos. La investigaci√≥n se da a trav√©s de una regresi√≥n log√≠stica, utilizando el programa Estad√≠stico IBM SPSS versi√≥n 24. Que mediante el procesamiento de datos, se determin√≥ que el 83,1% de los ni√±os no est√°n expuestos a desnutrici√≥n por lo que significa que se encuentran en un estado normal, mientras que el 16,9% est√°n expuestos a desnutrici√≥n leve o moderado. As√≠ mismo, se confirm√≥ como factores de riesgo asociados a la desnutrici√≥n: Lactancia materna por primera vez (OR= 6,361), del mismo modo para el n√∫mero de controles prenatales (OR= 3,537), enfermedades diarreicas (OR= 9,888) y la diversidad alimentaria en ni√±os menores de 5 a√±os (OR= 8,105) a un nivel de significancia del 5%.",Universidad Nacional de Piura,Factores asociados a la desnutricion en ni√±os menores de 5 a√±os en el Establecimiento de Salud Nuevo Tallan-Piura. 2018,Licenciado en Estad√≠stica
"Abanto Cerna, Lemin","Eche Anton, Alex Martin",2019,"Una de las herramientas para evaluar el buen funcionamiento o no de una instituci√≥n, es mediante indicadores, los que nos permiten valorar ciertas caracter√≠sticas de su funcionamiento de acuerdo a un est√°ndar establecido y de esta manera, poder analizar, inferir e incluso corregir de acuerdo a los objetivos de cada organizaci√≥n; por tal motivo, la presente investigaci√≥n se titula: ‚ÄúESTUDIO DEL COMPORTAMIENTO DE LOS INDICADORES DE HOSPITALIZACI√ìN EN HOSPITALES II-2 DEL MINISTERIO DE SALUD DE LA REGION PIURA A√ëO 2016‚Äù. El estudio se ha desarrollado bajo el enfoque cuantitativo, con un dise√±o no experimental descriptivo comparativo y utiliz√≥ como instrumento de recolecci√≥n de datos, una c√©dula que permiti√≥ reunir la informaci√≥n de la unidad de Estad√≠stica e inform√°tica del hospital de la Amistad Per√∫ Corea Santa Rosa II-2 y del hospital de Apoyo II-2 de Sullana. La poblaci√≥n est√° conformada por los pacientes de los diferentes servicios de hospitalizaci√≥n a partir de su creaci√≥n; la muestra est√° limitada a los 19,268 pacientes hospitalizados durante el a√±o 2016. Una vez recogida la informaci√≥n se procedi√≥ a procesarla, teniendo en cuenta los objetivos de la investigaci√≥n. Para ello se elabor√≥ una base de datos en la hoja de c√°lculo Excel adem√°s del Software Estad√≠stico IBM SPSS v20.0. Los resultados se analizaron utilizando indicadores descriptivos como frecuencias absolutas, porcentajes, promedios y desviaci√≥n est√°ndar. Para la verificaci√≥n de la distribuci√≥n de los datos se utiliz√≥ el Test de Shapiro‚ÄìWilk, para luego realizar la contrastaci√≥n de la hip√≥tesis de investigaci√≥n utilizando la prueba T de Student para un solo grupo, T de Student para muestras independientes y tambi√©n se utiliz√≥ la prueba de U de Mann-Whitney para los datos que no se distribuyeron normalmente. El estudio concluye que los indicadores de hospitalizaci√≥n en los dos hospitales investigados de nivel II-2, tienen un comportamiento por debajo de los est√°ndares consignados por el Ministerio de Salud; en el caso del promedio de permanencia anual, los promedios encontrados fueron de 3.57 d√≠as para el hospital Santa Rosa y de 4.31 d√≠as para el hospital de Sullana; en ambos hospitales la permanencia anual es alrededor de 4 d√≠as, muy por debajo del est√°ndar establecido por el MINSA (8 d√≠as). El comportamiento del indicador intervalo de sustituci√≥n para el hospital Santa Rosa fue de 0.73 d√≠a, mientras que para el hospital de Apoyo Sullana fue de 1.72 d√≠a; en el primer caso el valor est√° por debajo del est√°ndar establecido de 1 d√≠a, mientras que en el segundo caso est√° por encima, incumpliendo en ambos casos el est√°ndar. El tercer indicador, porcentaje de ocupaci√≥n, en el Hospital Santa Rosa para el a√±o investigado fue de 82.88%, mientras que para el Hospital de la cifra fue de 72.83%; ambas cifras difieren del est√°ndar establecido de 80%, encontr√°ndose en el primer caso por debajo y en el segundo, super√°ndolo. En cuanto al rendimiento cama, las cifras encontradas para ambos hospitales fue de 7.23 y 4.83 lo que significa que de las 99 camas del hospital sana rosa 7 pacientes utilizaron la misma cama y de las 188 camas para el hospital de Sullana 5 pacientes, ambos hospitales se encontraron por encima del est√°ndar de 4 pacientes/cama. El incumplimiento de los est√°ndares por ambos hospitales, es corroborado por las pruebas estad√≠sticas, que indican diferencias significativas (Sig.<0.05), entre los valores encontrados y los est√°ndares establecidos. El incumplimiento en los est√°ndares, refleja la problem√°tica de ambos hospitales, que en algunos casos hay exceso de capacidad instalada y en otros d√©ficit.",Universidad Nacional de Piura,Estudio del comportamiento de los indicadores de hospitalizaci√≥n en hospitales II-2 del Ministerio de Salud de la region Piura a√±o 2016,Licenciado en Estad√≠stica
"Le√≥n Silva, Ana Maril√∫","Palomino Romero, Gloria Raquel",2019,"La tesis titulada, ""Factores socioecon√≥micos que se relacionan con la elecci√≥n de la carrera universitaria de las alumnas de 5to de secundaria de la I.E. Las Capullanas - 2017"", se realiz√≥ con la finalidad de determinar si existe relaci√≥n entre situaci√≥n socioecon√≥mica de estas alumnas y la elecci√≥n de su futura carrera universitaria. Uno de los problemas que influyen en la formaci√≥n del capital humano, es la inadecuada elecci√≥n de carrera universitaria; esta elecci√≥n, est√° altamente condicionada a la certeza vocacional que las alumnas tienen al momento de culminar sus estudios. El objetivo de este trabajo, es conocer que factores socioecon√≥micos se relacionan con esta elecci√≥n; bajo la metodolog√≠a de trabajos de investigaci√≥n descriptivos, tomando el dise√±o no experimental lo cual implica la observaci√≥n del hecho en su condici√≥n natural. Se aplic√≥ el instrumento a 153 alumnas de educaci√≥n secundaria de la I.E. Las Capullanas de la provincia de Sullana. Los resultados que se obtuvieron, se procesaron y analizaron con el software estad√≠stico SPSS v.20, el mismo que permiti√≥ hacer los c√°lculos estad√≠sticos descriptivos. En conclusi√≥n, se encuentra que la elecci√≥n de carrera universitaria si est√° asociada a los factores socioecon√≥micos, planteados en este proyecto, como el nivel educativo de la madre, si el hogar de la alumna cuenta con una vivienda propia o el n¬∞ de personas que dependen del ingreso familiar mensual.",Universidad Nacional de Piura,Factores socioeconomicos que se relacionan con la elecci√≥n de la carrera universitaria de las alumnas de 5to de secundaria de la I.E. Las Capullanas - 2017,Licenciado en Estad√≠stica
"Cabrera Prieto, Carlos Eduardo","Gallardo Piedra, Yeison Javier",2018,"""Modelos de crecimiento poblacional de habitantes y proyecciones para el distrito de Tambogrande-Piura, 2000-2021"", es un trabajo de investigaci√≥n, que tiene el prop√≥sito de analizar los tres modelos matem√°ticos poblacionales; modelo de crecimiento lineal, modelo de crecimiento geom√©trico, modelo de crecimiento exponencial, los cuales nos permiten realizar estimaciones y proyecciones globales de poblaci√≥n, con el fin de aplicar a la poblaci√≥n del distrito de Tambogrande y estimar la poblaci√≥n a lo largo del periodo 2000- 2021. As√≠ tambi√©n al estudiar estos modelos se establecer√°n las relaciones anal√≠ticas entre las diferentes variables demogr√°ficas, las cuales no se observan en forma emp√≠rica los datos reales. En relaci√≥n con las hip√≥tesis formuladas, el m√©todo de crecimiento exponencial arroja las mejores estimaciones para la poblaci√≥n de Distrito de Tambogrande, tambi√©n podemos observar que se ajusta significativamente a las estimaciones poblacionales hechas y publicadas por el INEI. En las proyecciones poblacionales de habitantes que se han proyectado para el distrito de Tambogrande se hayo que el modelo exponencial, presenta la mejor aproximaci√≥n para el a√±o validado 2007. De acuerdo al an√°lisis y a las estimaciones matem√°ticas que se han realizado en la presente investigaci√≥n, nos indica que la tasa de crecimiento poblacional elaborada con el m√©todo exponencial, ser√° aproximadamente de: r=0.0302, en porcentaje esto es √©l 3.02% para la poblaci√≥n l√≠mite, es decir aproximadamente al a√±o 2021.La tasa de crecimiento nos indica que el incremento de la poblaci√≥n ser√° de 3 personas por cada 100 habitantes, Esta tasa puede ser mucho menos y del mismo modo la poblaci√≥n l√≠mite ser√° menor, si se adoptan pol√≠ticas de poblaci√≥n m√°s severas.",Universidad Nacional de Piura,"Modelos de crecimiento poblacional de habitantes y proyecciones para el distrito de Tambogrande-Piura, 2000-2021",Licenciado en Estad√≠stica
"Abanto Cerna, Lemin","Sanchez Chamba, Medaly Lizeth",2018,"La presente investigaci√≥n titulada: ""Factores de riesgo asociados a la Diabetes Mellitus tipo II en pacientes hospitalizados en el hospital de la Amistad Per√∫ Corea Santa Rosa 11-2 aplicando regresi√≥n log√≠stica, Piura 2016""; fue planteada como una investigaci√≥n de enfoque cuantitativo; los resultados se midieron en t√©rminos num√©ricos. Se trata de un estudio anal√≠tico de casos y controles. El dise√±o que se utiliz√≥ para esta investigaci√≥n es el no experimental, transversal, retrospectivo, de tipo descriptivo explicativo, teniendo como objetivo, determinar los factores de riesgo asociados a la Diabetes mellitus Tipo II en pacientes Hospitalizados del hospital Santa Rosa; utilizando el modelo de regresi√≥n log√≠stica. La poblaci√≥n est√° conformada por 224 pacientes que cumplen con los criterios de inclusi√≥n de los cuales 74 pacientes son los casos y 150 son los controles. Para la recolecci√≥n de datos se utiliz√≥ la t√©cnica del an√°lisis documental y como instrumento una ficha de recolecci√≥n de datos a partir de las historias cl√≠nicas de los pacientes hospitalizados. Para evaluar los factores de riesgo, en primer lugar se realiz√≥ un an√°lisis exploratorio evaluando que factores se asocian a la enfermedad, utilizando para ello la prueba Chi-cuadrado y consider√°ndose significativos aquellos con valores p<0.05; luego se utiliz√≥ an√°lisis multivariante a trav√©s del uso del modelo de regresi√≥n log√≠stica, para la identificaci√≥n de los factores que realmente constituyen riesgo para la enfermedad, teniendo en cuenta adem√°s los ODDS RATIO (OR), incluido su intervalo de confianza del 95%. Los datos obtenidos fueron sistematizados usando el paquete Estad√≠stico IBM SPSS v20.0. El modelo confirma como factores de riesgo a la edad igual mayor a 45 a√±os, con un OR= 71 (22.022, 231.531), indicando que el paciente con dicha edad tiene 71 veces m√°s la posibilidad de padecer la enfermedad frente a los pacientes que con una edad menor. Otro factor de riesgo es el hereditario, con un OR=18 (5.9, 55.4), indicando que los pacientes con antecedentes de familiares con la enfermedad, tienen 18 veces m√°s posibilidades de tener la Diabetes Mellitus tipo II, en comparaci√≥n a los pacientes que no tienen antecedentes familiares.",Universidad Nacional de Piura,"Factores de riesgo asociados a la Diabetes Mellitus tipo II en pacientes hospitalizados en el Hospital de la Amistad Per√∫ Corea Santa Rosa II-2 aplicando regresi√≥n log√≠stica, Piura 2016",Licenciada en Estad√≠stica
"Cabrera Prieto, Carlos Eduardo","Montalb√°n Quispe, Iris Susana",2017,"La retinopat√≠a de la prematuridad (retinopathy of prematurity, ROP) es una enfermedad que principalmente suele aparecer en beb√©s prematuros, provoca el crecimiento de vasos sangu√≠neos anormales en la retina, la capa de tejido nervioso del ojo que nos permite ver. La Retinopat√≠a de la prematuridad es la principal causa de ceguera prevenible en m√°s del 80% de los casos en reci√©n nacidos pret√©rmino. Es esencial detectarla y tratarla a tiempo. El objetivo principal de este estudio es determinar los factores de riesgo de la retinopat√≠a del prematuro en los nacidos prematuros del Hospital III Jos√© Cayetano Heredia Piura Red Asistencial Piura-EsSalud durante Enero 2014-Abril 2016. Se llev√≥ a cabo un estudio de tipo explicativo, transversal. La poblaci√≥n de estudio est√° constituida por 120 reci√©n nacidos prematuros seg√∫n criterios de inclusi√≥n y exclusi√≥n establecidos, distribuidos en dos grupos: con y sin retinopat√≠a de la prematuridad, y los datos se obtuvieron a partir de sus historias cl√≠nicas. La investigaci√≥n a trav√©s de una regresi√≥n log√≠stica , confirma que la prevalencia encontrada de retinopat√≠a en reci√©n nacidos prematuros en el Hospital III Jos√© Cayetano Heredia es de 39,2% y los factores que incrementan el riesgo para padecer Retinopat√≠a del prematuro son: la edad gestacional (OR=11,706), peso al nacer (OR= OR=6,958), APGAR (OR=6,632), Oxigeno (OR=9,637) y Sepsis Neonatal ((OR=8.321) a un nivel de significancia del 5%.",Universidad Nacional de Piura,Prevalencia y factores de riesgo de la Retinopatia de la Prematuridad en el Hospital III Jos√© Cayetano Heredia Piura enero 2014-abril 2016,Licenciada en Estad√≠stica
"Cabrera Prieto, Carlos Eduardo","Llacsaguache Calle, Darwin Maccoll Primero","Pintado Rodr√≠guez, F√©lix Fabi√°n",2013,"Esta investigaci√≥n busc√≥ establecer la relaci√≥n existente entre Rasgos de personalidad el Rendimiento acad√©mico en la poblaci√≥n de 183 estudiantes de ambos sexos de la Escuela de Estad√≠stica de la Facultad de Ciencias de la Universidad Nacional de Piura ,matriculados en el Primer semestre del a√±o 2012, a quienes se les aplic√≥ el Cuestionario de Personalidad 16 PF de R. B. Cattell, Se obtuvo su promedio ponderado de los registros acad√©micos de la Secretaria Acad√©mica de la Facultad de Ciencias, cuyos datos obtenidos fueron procesados mediante el an√°lisis de regresi√≥n m√∫ltiple considerando como variable dependiente el rendimiento acad√©mico y utilizando el software estad√≠stico SPSS (versi√≥n 20), obteni√©ndose como resultado que existe influencia significativa de la Rasgos de personalidad, y el rendimiento acad√©mico en los alumnos (p = 0.05). Adem√°s se hall√≥ una relaci√≥n variables que m√°s influyen significativamente en el rendimiento acad√©mico de los alumnos; Directamente Positivos son: Atenci√≥n a las Normas, Autosuficiencia en forma directa; y en caso contrario Afabilidad (Factor A), Dominancia: (Factor E), Aprensi√≥n: (Factor O) en forma inversa.",Universidad Nacional de Piura,"Influencia de lo rasgos de personalidad de los alumnos de estad√≠stica en su rendimiento acad√©mico, UNP, 2012-l",Licenciado en Estad√≠stica
